TestData Metric[ths=0.5],PeriHD,IntraHD,IDH Judge
Accuracy,0.971830985915493,0.959758551307847,0.9496981891348089
Precision [macro],0.8575870047238021,0.913668621556355,0.9086552860137765
Sensitivity [macro],0.9712552407572099,0.962312734082397,0.9577761802060867
Specificity,0.9719222462203023,0.9583333333333334,0.9435897435897436
F1-score [macro],0.9048413566739606,0.9354478387364922,0.9299261757457151
TP / TN,33 / 450,86 / 391,104 / 368
FP / FN,13 / 1,17 / 3,22 / 3
