TestData Metric[ths=0.5],PeriHD,IntraHD,IDH Judge
Accuracy,0.9798792756539235,0.9577464788732394,0.9517102615694165
Precision [macro],0.8863636363636364,0.9116033755274262,0.9133515934089822
Sensitivity [macro],0.9892008639308856,0.9566947565543071,0.9556673855739276
Specificity,0.978401727861771,0.9583333333333334,0.9487179487179487
F1-score [macro],0.930438920613593,0.9319502128797116,0.9321192806737992
TP / TN,34 / 453,85 / 391,103 / 370
FP / FN,10 / 0,17 / 4,20 / 4
