TestData Metric[ths=0.5],PeriHD,IntraHD,IDH Judge
Accuracy,0.959758551307847,0.9476861167002012,0.9215291750503019
Precision [macro],0.8240266907485451,0.8920680565540379,0.8698700482079229
Sensitivity [macro],0.9102718841316224,0.950567305573915,0.9228732326863167
Specificity,0.9676025917926566,0.946078431372549,0.9205128205128205
F1-score [macro],0.8608778412271862,0.9173827425707124,0.89196194170861
TP / TN,29 / 448,85 / 386,99 / 359
FP / FN,15 / 5,22 / 4,31 / 8
