TestData Metric[ths=0.5],PeriHD,IntraHD,IDH Judge
Accuracy,0.93158953722334,0.9637826961770624,0.9275653923541247
Precision [macro],0.46579476861167,0.9267396907216495,0.9042396907216494
Sensitivity [macro],0.5,0.9559787398105309,0.8758566978193146
Specificity,1.0,0.9681372549019608,0.9666666666666667
F1-score [macro],0.4822916666666667,0.9404742893644203,0.8889798957557706
TP / TN,0 / 463,84 / 395,84 / 377
FP / FN,0 / 34,13 / 5,13 / 23
