TestData Metric[ths=0.5],PeriHD,IntraHD,IDH Judge
Accuracy,0.9738430583501007,0.959758551307847,0.9456740442655935
Precision [macro],0.8802485723883104,0.913668621556355,0.9059344262295081
Sensitivity [macro],0.9314572481260323,0.962312734082397,0.945039539899353
Specificity,0.980561555075594,0.9583333333333334,0.9461538461538461
F1-score [macro],0.9039013579640951,0.9354478387364922,0.9234009761109684
TP / TN,30 / 454,86 / 391,101 / 369
FP / FN,9 / 4,17 / 3,21 / 6
